{"best_fg_f1": [0.30000000000000004, 0.6, 0.5, 0.6, 0.6, 0.4, 0.6, 0.2, 0.6, 0.5], "best_seed_f1": [0.30000000000000004, 0.5, 0.30000000000000004, 0.6, 0.6, 0.2, 0.8, 0.8, 0.1, 0.6]}